timestamp,x,y,z,Uroll,Upitch,Uyaw,Croll,Cpitch,Cthrottle,Cyaw,1.8,0.181,1.85
1554200177.589,-0.094,-2.794,-0.689,3.143,-10.227,-0.194,0.034,-0.015,-0.000,1500,1500,1000,1500,474,687,760,606,4.74,239.42000000000002,7.6000000000000005,6.0600000000000005
1554200177.604,-0.099,-2.797,-0.692,3.133,-10.086,-0.198,0.034,-0.015,-0.000,1500,1500,1000,1500,474,687,760,606,4.74,239.42000000000002,7.6000000000000005,6.0600000000000005
1554200177.619,-0.103,-2.799,-0.695,3.126,-9.946,-0.201,0.034,-0.016,-0.000,1500,1500,1000,1500,474,687,760,606,4.74,239.42000000000002,7.6000000000000005,6.0600000000000005
1554200177.635,-0.106,-2.800,-0.697,3.121,-9.806,-0.203,0.034,-0.016,-0.000,1500,1500,1000,1500,474,687,760,606,4.74,239.42000000000002,7.6000000000000005,6.0600000000000005
1554200177.652,-0.109,-2.801,-0.700,3.118,-9.669,-0.204,0.034,-0.016,-0.000,1500,1500,1000,1500,474,687,760,606,4.74,239.42000000000002,7.6000000000000005,6.0600000000000005
1554200177.668,-0.111,-2.801,-0.702,3.117,-9.533,-0.204,0.034,-0.016,-0.000,1500,1500,1000,1500,474,687,760,606,4.74,239.42000000000002,7.6000000000000005,6.0600000000000005
1554200177.686,-0.113,-2.802,-0.704,3.118,-9.399,-0.203,0.033,-0.015,-0.000,1500,1500,1000,1500,474,687,760,606,4.74,239.42000000000002,7.6000000000000005,6.0600000000000005
1554200177.705,-0.114,-2.802,-0.706,3.121,-9.266,-0.202,0.033,-0.015,-0.000,1500,1500,1000,1500,474,687,760,606,4.74,239.42000000000002,7.6000000000000005,6.0600000000000005
1554200177.722,-0.114,-2.801,-0.707,3.124,-9.135,-0.200,0.032,-0.015,-0.000,1500,1500,1000,1500,473,689,759,"609
",4.74,239.42000000000002,7.6000000000000005,6.0600000000000005
1554200177.738,-0.114,-2.801,-0.709,3.127,-9.007,-0.197,0.032,-0.015,-0.000,1500,1500,1000,1500,473,689,759,609,4.73,239.42000000000002,7.59,6.09
1554200177.756,-0.113,-2.800,-0.710,3.130,-8.880,-0.193,0.032,-0.015,-0.000,1500,1500,1000,1500,473,689,759,609,4.73,239.42000000000002,7.59,6.09
1554200177.774,-0.113,-2.799,-0.711,3.134,-8.756,-0.189,0.032,-0.015,-0.000,1500,1500,1000,1500,473,689,759,609,4.73,239.42000000000002,7.59,6.09
1554200177.787,-0.111,-2.798,-0.712,3.137,-8.633,-0.184,0.032,-0.015,-0.000,1500,1500,1000,1500,473,689,759,609,4.73,239.42000000000002,7.59,6.09
1554200177.803,-0.110,-2.797,-0.713,3.141,-8.513,-0.179,0.032,-0.014,-0.000,1500,1500,1000,1500,473,689,759,609,4.73,239.42000000000002,7.59,6.09
1554200177.818,-0.108,-2.796,-0.713,3.145,-8.395,-0.174,0.032,-0.014,-0.000,1500,1500,1000,1500,473,689,759,609,4.73,239.42000000000002,7.59,6.09
1554200177.834,-0.105,-2.794,-0.714,3.148,-8.278,-0.169,0.032,-0.014,-0.000,1500,1500,1000,1500,473,689,759,609,4.73,239.42000000000002,7.59,6.09
1554200177.849,-0.103,-2.793,-0.714,3.151,-8.164,-0.164,0.032,-0.014,-0.000,1500,1500,1000,1500,473,689,759,609,4.73,239.42000000000002,7.59,6.09
1554200177.865,-0.100,-2.791,-0.715,3.153,-8.052,-0.159,0.032,-0.014,-0.000,1500,1500,1000,1500,473,689,759,609,4.73,239.42000000000002,7.59,6.09
1554200177.881,-0.098,-2.789,-0.715,3.154,-7.942,-0.153,0.032,-0.014,-0.000,1500,1500,1000,1500,473,689,759,609,4.73,239.42000000000002,7.59,6.09
1554200177.900,-0.095,-2.787,-0.715,3.154,-7.834,-0.147,0.032,-0.014,-0.000,1500,1500,1000,1500,473,689,759,609,4.73,239.42000000000002,7.59,6.09
1554200177.917,-0.092,-2.786,-0.715,3.154,-7.728,-0.141,0.032,-0.013,-0.000,1500,1500,1000,1500,473,689,759,609,4.73,239.42000000000002,7.59,6.09
1554200177.938,-0.089,-2.784,-0.715,3.153,-7.625,-0.136,0.032,-0.013,-0.000,1500,1500,1000,1500,473,689,759,609,4.73,239.42000000000002,7.59,6.09
1554200177.954,-0.085,-2.782,-0.715,3.150,-7.523,-0.130,0.032,-0.013,-0.000,1500,1500,1000,1500,473,689,759,609,4.73,239.42000000000002,7.59,6.09
1554200177.971,-0.082,-2.780,-0.715,3.147,-7.423,-0.124,0.032,-0.012,-0.000,1500,1500,1000,1500,473,689,759,609,4.73,239.42000000000002,7.59,6.09
1554200177.987,-0.079,-2.778,-0.715,3.143,-7.325,-0.119,0.032,-0.012,-0.000,1500,1500,1000,1500,473,689,759,609,4.73,239.42000000000002,7.59,6.09
1554200178.002,-0.076,-2.776,-0.715,3.137,-7.230,-0.113,0.032,-0.012,-0.000,1500,1500,1000,1500,473,689,759,609,4.73,239.42000000000002,7.59,6.09
1554200178.017,-0.072,-2.774,-0.715,3.131,-7.136,-0.108,0.032,-0.012,-0.000,1500,1500,1000,1500,473,689,759,609,4.73,239.42000000000002,7.59,6.09
1554200178.033,-0.069,-2.772,-0.715,3.123,-7.044,-0.102,0.032,-0.012,-0.000,1500,1500,1000,1500,473,689,759,609,4.73,239.42000000000002,7.59,6.09
1554200178.048,-0.066,-2.770,-0.715,3.114,-6.954,-0.097,0.032,-0.012,-0.000,1500,1500,1000,1500,473,689,759,609,4.73,239.42000000000002,7.59,6.09
1554200178.065,-0.063,-2.768,-0.714,3.105,-6.865,-0.092,0.032,-0.012,-0.000,1500,1500,1000,1500,473,689,759,609,4.73,239.42000000000002,7.59,6.09
1554200178.080,-0.059,-2.767,-0.714,3.094,-6.779,-0.086,0.032,-0.013,-0.000,1500,1500,1000,1500,473,689,759,609,4.73,239.42000000000002,7.59,6.09
1554200178.095,-0.056,-2.765,-0.714,3.082,-6.694,-0.081,0.033,-0.013,-0.000,1500,1500,1000,1500,473,689,759,609,4.73,239.42000000000002,7.59,6.09
1554200178.111,-0.053,-2.763,-0.714,3.069,-6.611,-0.077,0.033,-0.014,-0.000,1500,1500,1000,1500,473,689,759,609,4.73,239.42000000000002,7.59,6.09
1554200178.128,-0.050,-2.761,-0.713,3.055,-6.530,-0.072,0.033,-0.014,-0.000,1500,1500,1000,1500,473,689,759,609,4.73,239.42000000000002,7.59,6.09
1554200178.147,-0.048,-2.760,-0.713,3.040,-6.450,-0.068,0.033,-0.015,-0.000,1500,1500,1000,1500,473,689,759,609,4.73,239.42000000000002,7.59,6.09
1554200178.161,-0.045,-2.758,-0.712,3.024,-6.372,-0.064,0.033,-0.015,-0.000,1500,1500,1000,1500,473,689,759,609,4.73,239.42000000000002,7.59,6.09
1554200178.176,-0.042,-2.756,-0.712,3.008,-6.295,-0.060,0.033,-0.015,-0.000,1500,1500,1000,1500,473,689,759,609,4.73,239.42000000000002,7.59,6.09
1554200178.194,-0.040,-2.755,-0.712,2.990,-6.220,-0.056,0.032,-0.015,-0.000,1500,1500,1000,1500,473,689,759,609,4.73,239.42000000000002,7.59,6.09
1554200178.212,-0.037,-2.753,-0.711,2.972,-6.147,-0.052,0.032,-0.015,-0.000,1500,1500,1000,1500,473,689,759,609,4.73,239.42000000000002,7.59,6.09
1554200178.231,-0.031,-2.752,-0.711,2.967,-6.069,-0.049,0.032,-0.015,-0.000,1500,1500,1000,1500,470,689,755,602,4.7,239.42000000000002,7.55,6.0200000000000005
1554200178.245,-0.026,-2.750,-0.711,2.960,-5.993,-0.047,0.032,-0.015,-0.000,1500,1500,1000,1500,470,689,755,602,4.7,239.42000000000002,7.55,6.0200000000000005
1554200178.260,-0.021,-2.747,-0.711,2.951,-5.918,-0.045,0.032,-0.015,-0.000,1500,1500,1000,1500,470,689,755,602,4.7,239.42000000000002,7.55,6.0200000000000005
1554200178.276,-0.017,-2.745,-0.711,2.940,-5.845,-0.043,0.032,-0.015,-0.000,1500,1500,1000,1500,470,689,755,602,4.7,239.42000000000002,7.55,6.0200000000000005
1554200178.293,-0.013,-2.742,-0.711,2.927,-5.773,-0.040,0.032,-0.016,-0.000,1500,1500,1000,1500,470,689,755,602,4.7,239.42000000000002,7.55,6.0200000000000005
1554200178.313,-0.009,-2.740,-0.710,2.912,-5.703,-0.038,0.032,-0.016,-0.000,1500,1500,1000,1500,470,689,755,602,4.7,239.42000000000002,7.55,6.0200000000000005
1554200178.326,-0.005,-2.738,-0.710,2.896,-5.635,-0.036,0.033,-0.016,-0.000,1500,1500,1000,1500,470,689,755,602,4.7,239.42000000000002,7.55,6.0200000000000005
1554200178.342,-0.001,-2.736,-0.710,2.879,-5.569,-0.034,0.033,-0.016,-0.000,1500,1500,1000,1500,470,689,755,602,4.7,239.42000000000002,7.55,6.0200000000000005
1554200178.357,0.002,-2.734,-0.710,2.860,-5.504,-0.032,0.033,-0.016,-0.000,1500,1500,1000,1500,470,689,755,602,4.7,239.42000000000002,7.55,6.0200000000000005
1554200178.375,0.005,-2.732,-0.710,2.840,-5.441,-0.030,0.032,-0.016,-0.000,1500,1500,1000,1500,470,689,755,602,4.7,239.42000000000002,7.55,6.0200000000000005
1554200178.391,0.008,-2.730,-0.710,2.819,-5.378,-0.028,0.033,-0.016,-0.000,1500,1500,1000,1500,470,689,755,602,4.7,239.42000000000002,7.55,6.0200000000000005
1554200178.408,0.011,-2.729,-0.710,2.797,-5.318,-0.026,0.033,-0.016,-0.000,1500,1500,1000,1500,470,689,755,602,4.7,239.42000000000002,7.55,6.0200000000000005
1554200178.427,0.013,-2.727,-0.709,2.774,-5.258,-0.025,0.033,-0.016,-0.000,1500,1500,1000,1500,470,689,755,602,4.7,239.42000000000002,7.55,6.0200000000000005
1554200178.445,0.016,-2.726,-0.709,2.750,-5.200,-0.023,0.032,-0.016,-0.000,1500,1500,1000,1500,470,689,755,602,4.7,239.42000000000002,7.55,6.0200000000000005
1554200178.463,0.018,-2.725,-0.709,2.725,-5.143,-0.021,0.033,-0.016,-0.000,1500,1500,1000,1500,470,689,755,602,4.7,239.42000000000002,7.55,6.0200000000000005
1554200178.479,0.020,-2.723,-0.709,2.700,-5.087,-0.019,0.033,-0.016,-0.000,1500,1500,1000,1500,470,689,755,602,4.7,239.42000000000002,7.55,6.0200000000000005
1554200178.494,0.021,-2.722,-0.709,2.674,-5.032,-0.017,0.033,-0.016,-0.000,1500,1500,1000,1500,470,689,755,602,4.7,239.42000000000002,7.55,6.0200000000000005
1554200178.509,0.023,-2.721,-0.709,2.648,-4.978,-0.016,0.033,-0.016,-0.000,1500,1500,1000,1500,470,689,755,602,4.7,239.42000000000002,7.55,6.0200000000000005
1554200178.525,0.024,-2.720,-0.708,2.621,-4.925,-0.014,0.034,-0.015,-0.000,1500,1500,1000,1500,470,689,755,602,4.7,239.42000000000002,7.55,6.0200000000000005
1554200178.541,0.026,-2.719,-0.708,2.593,-4.873,-0.013,0.033,-0.015,-0.000,1500,1500,1000,1500,475,688,760,"608
",4.7,239.42000000000002,7.55,6.0200000000000005
1554200178.556,0.024,-2.720,-0.708,2.550,-4.829,-0.011,0.034,-0.015,-0.000,1500,1500,1000,1500,475,688,760,608,4.75,239.42000000000002,7.6000000000000005,6.08
1554200178.571,0.022,-2.721,-0.707,2.508,-4.786,-0.008,0.034,-0.015,-0.000,1500,1500,1000,1500,475,688,760,608,4.75,239.42000000000002,7.6000000000000005,6.08
1554200178.590,0.020,-2.722,-0.707,2.467,-4.743,-0.006,0.033,-0.014,-0.000,1500,1500,1000,1500,475,688,760,608,4.75,239.42000000000002,7.6000000000000005,6.08
1554200178.604,0.018,-2.723,-0.707,2.428,-4.699,-0.005,0.033,-0.014,-0.000,1500,1500,1000,1500,475,688,760,608,4.75,239.42000000000002,7.6000000000000005,6.08
1554200178.624,0.016,-2.723,-0.706,2.390,-4.656,-0.003,0.033,-0.014,-0.000,1500,1500,1000,1500,475,688,760,608,4.75,239.42000000000002,7.6000000000000005,6.08
1554200178.641,0.014,-2.724,-0.706,2.352,-4.613,-0.002,0.033,-0.015,-0.000,1500,1500,1000,1500,475,688,760,608,4.75,239.42000000000002,7.6000000000000005,6.08
1554200178.656,0.012,-2.725,-0.706,2.316,-4.570,-0.000,0.033,-0.015,-0.000,1500,1500,1000,1500,475,688,760,608,4.75,239.42000000000002,7.6000000000000005,6.08
1554200178.672,0.010,-2.726,-0.705,2.281,-4.527,0.001,0.033,-0.015,-0.000,1500,1500,1000,1500,475,688,760,608,4.75,239.42000000000002,7.6000000000000005,6.08
1554200178.690,0.008,-2.726,-0.705,2.247,-4.485,0.002,0.033,-0.014,-0.000,1500,1500,1000,1500,475,688,760,608,4.75,239.42000000000002,7.6000000000000005,6.08
1554200178.707,0.007,-2.727,-0.705,2.214,-4.442,0.003,0.034,-0.014,-0.000,1500,1500,1000,1500,475,688,760,608,4.75,239.42000000000002,7.6000000000000005,6.08
1554200178.722,0.005,-2.727,-0.704,2.182,-4.400,0.004,0.034,-0.014,-0.000,1500,1500,1000,1500,475,688,760,608,4.75,239.42000000000002,7.6000000000000005,6.08
1554200178.738,0.003,-2.728,-0.704,2.151,-4.357,0.005,0.034,-0.014,-0.000,1500,1500,1000,1500,475,688,760,608,4.75,239.42000000000002,7.6000000000000005,6.08
1554200178.753,0.002,-2.729,-0.704,2.121,-4.315,0.006,0.034,-0.014,-0.000,1500,1500,1000,1500,475,688,760,608,4.75,239.42000000000002,7.6000000000000005,6.08
1554200178.771,0.001,-2.729,-0.704,2.091,-4.273,0.007,0.034,-0.014,-0.000,1500,1500,1000,1500,475,688,760,608,4.75,239.42000000000002,7.6000000000000005,6.08
1554200178.786,-0.001,-2.730,-0.703,2.063,-4.231,0.008,0.033,-0.014,-0.000,1500,1500,1000,1500,475,688,760,608,4.75,239.42000000000002,7.6000000000000005,6.08
1554200178.802,-0.002,-2.730,-0.703,2.036,-4.189,0.008,0.033,-0.014,-0.000,1500,1500,1000,1500,475,688,760,608,4.75,239.42000000000002,7.6000000000000005,6.08
1554200178.820,-0.003,-2.730,-0.703,2.009,-4.148,0.009,0.033,-0.015,-0.000,1500,1500,1000,1500,475,688,760,608,4.75,239.42000000000002,7.6000000000000005,6.08
1554200178.837,-0.005,-2.731,-0.703,1.983,-4.106,0.009,0.033,-0.016,-0.000,1500,1500,1000,1500,475,688,760,608,4.75,239.42000000000002,7.6000000000000005,6.08
1554200178.850,-0.006,-2.731,-0.703,1.957,-4.065,0.010,0.033,-0.016,-0.000,1500,1500,1000,1500,475,688,760,608,4.75,239.42000000000002,7.6000000000000005,6.08
1554200178.869,-0.007,-2.732,-0.703,1.933,-4.024,0.010,0.033,-0.016,-0.000,1500,1500,1000,1500,475,688,760,608,4.75,239.42000000000002,7.6000000000000005,6.08
1554200178.887,-0.008,-2.732,-0.702,1.909,-3.983,0.010,0.034,-0.017,-0.000,1500,1500,1000,1500,475,688,760,608,4.75,239.42000000000002,7.6000000000000005,6.08
1554200178.903,-0.009,-2.732,-0.702,1.886,-3.943,0.010,0.033,-0.017,-0.000,1500,1500,1000,1500,475,688,760,608,4.75,239.42000000000002,7.6000000000000005,6.08
1554200178.920,-0.010,-2.732,-0.702,1.863,-3.903,0.011,0.033,-0.018,-0.000,1500,1500,1000,1500,475,688,760,608,4.75,239.42000000000002,7.6000000000000005,6.08
1554200178.932,-0.011,-2.732,-0.702,1.840,-3.862,0.011,0.033,-0.017,-0.000,1500,1500,1000,1500,475,688,760,608,4.75,239.42000000000002,7.6000000000000005,6.08
1554200178.948,-0.012,-2.733,-0.702,1.819,-3.823,0.011,0.032,-0.017,-0.000,1500,1500,1000,1500,475,688,760,608,4.75,239.42000000000002,7.6000000000000005,6.08
1554200178.963,-0.012,-2.733,-0.702,1.798,-3.783,0.011,0.032,-0.017,-0.000,1500,1500,1000,1500,475,688,760,608,4.75,239.42000000000002,7.6000000000000005,6.08
1554200178.978,-0.013,-2.733,-0.702,1.777,-3.744,0.011,0.032,-0.016,-0.000,1500,1500,1000,1500,475,688,760,608,4.75,239.42000000000002,7.6000000000000005,6.08
1554200178.995,-0.014,-2.733,-0.702,1.757,-3.704,0.011,0.032,-0.016,-0.000,1500,1500,1000,1500,475,688,760,608,4.75,239.42000000000002,7.6000000000000005,6.08
1554200179.010,-0.014,-2.733,-0.702,1.738,-3.665,0.011,0.032,-0.016,-0.000,1500,1500,1000,1500,475,688,760,608,4.75,239.42000000000002,7.6000000000000005,6.08
1554200179.025,-0.015,-2.733,-0.701,1.718,-3.627,0.012,0.032,-0.016,-0.000,1500,1500,1000,1500,475,688,760,608,4.75,239.42000000000002,7.6000000000000005,6.08
1554200179.041,-0.016,-2.733,-0.701,1.700,-3.589,0.011,0.032,-0.016,-0.000,1500,1500,1000,1500,475,688,760,608,4.75,239.42000000000002,7.6000000000000005,6.08
1554200179.060,-0.016,-2.733,-0.701,1.681,-3.551,0.011,0.032,-0.016,-0.000,1500,1500,1000,1500,475,688,760,608,4.75,239.42000000000002,7.6000000000000005,6.08
1554200179.080,-0.016,-2.733,-0.701,1.663,-3.513,0.011,0.032,-0.016,-0.000,1500,1500,1000,1500,475,688,760,608,4.75,239.42000000000002,7.6000000000000005,6.08
1554200179.096,-0.017,-2.733,-0.701,1.645,-3.476,0.011,0.032,-0.016,-0.000,1500,1500,1000,1500,475,688,760,608,4.75,239.42000000000002,7.6000000000000005,6.08
1554200179.117,-0.017,-2.733,-0.701,1.628,-3.438,0.011,0.032,-0.016,-0.000,1500,1500,1000,1500,475,688,760,608,4.75,239.42000000000002,7.6000000000000005,6.08
1554200179.136,-0.018,-2.733,-0.701,1.611,-3.402,0.011,0.032,-0.017,-0.000,1500,1500,1000,1500,475,688,760,608,4.75,239.42000000000002,7.6000000000000005,6.08
1554200179.153,-0.018,-2.733,-0.701,1.594,-3.365,0.011,0.032,-0.017,-0.000,1500,1500,1000,1500,475,688,760,608,4.75,239.42000000000002,7.6000000000000005,6.08
1554200179.166,-0.018,-2.733,-0.701,1.577,-3.329,0.011,0.032,-0.017,-0.000,1500,1500,1000,1500,475,688,760,608,4.75,239.42000000000002,7.6000000000000005,6.08
1554200179.182,-0.019,-2.733,-0.701,1.561,-3.293,0.011,0.032,-0.017,-0.000,1500,1500,1000,1500,475,688,760,608,4.75,239.42000000000002,7.6000000000000005,6.08
1554200179.197,-0.019,-2.733,-0.701,1.545,-3.257,0.011,0.032,-0.017,-0.000,1500,1500,1000,1500,475,693,761,"602
",4.75,239.42000000000002,7.6000000000000005,6.08
1554200179.213,-0.018,-2.731,-0.701,1.534,-3.219,0.009,0.032,-0.017,-0.000,1500,1500,1000,1500,475,693,761,602,4.75,239.42000000000002,7.61,6.0200000000000005
1554200179.229,-0.018,-2.730,-0.702,1.522,-3.181,0.007,0.031,-0.017,-0.000,1500,1500,1000,1500,475,693,761,602,4.75,239.42000000000002,7.61,6.0200000000000005
1554200179.244,-0.017,-2.729,-0.702,1.511,-3.144,0.005,0.031,-0.017,-0.000,1500,1500,1000,1500,475,693,761,602,4.75,239.42000000000002,7.61,6.0200000000000005
1554200179.260,-0.017,-2.728,-0.702,1.499,-3.108,0.004,0.031,-0.017,-0.000,1500,1500,1000,1500,475,693,761,602,4.75,239.42000000000002,7.61,6.0200000000000005
1554200179.278,-0.016,-2.728,-0.703,1.487,-3.073,0.002,0.031,-0.017,-0.000,1500,1500,1000,1500,475,693,761,602,4.75,239.42000000000002,7.61,6.0200000000000005
1554200179.293,-0.015,-2.727,-0.703,1.476,-3.038,0.002,0.031,-0.017,-0.000,1500,1500,1000,1500,475,693,761,602,4.75,239.42000000000002,7.61,6.0200000000000005
1554200179.309,-0.015,-2.727,-0.703,1.463,-3.003,0.001,0.031,-0.017,-0.000,1500,1500,1000,1500,475,693,761,602,4.75,239.42000000000002,7.61,6.0200000000000005
1554200179.324,-0.014,-2.726,-0.703,1.451,-2.969,-0.000,0.031,-0.017,-0.000,1500,1500,1000,1500,475,693,761,602,4.75,239.42000000000002,7.61,6.0200000000000005
1554200179.348,-0.013,-2.725,-0.704,1.438,-2.936,-0.001,0.031,-0.017,-0.000,1500,1500,1000,1500,475,693,761,602,4.75,239.42000000000002,7.61,6.0200000000000005
1554200179.362,-0.013,-2.725,-0.704,1.426,-2.903,-0.002,0.030,-0.017,-0.000,1500,1500,1000,1500,475,693,761,602,4.75,239.42000000000002,7.61,6.0200000000000005
1554200179.380,-0.012,-2.724,-0.704,1.413,-2.870,-0.003,0.031,-0.017,-0.000,1500,1500,1000,1500,475,693,761,602,4.75,239.42000000000002,7.61,6.0200000000000005
1554200179.398,-0.012,-2.724,-0.704,1.400,-2.838,-0.004,0.030,-0.016,-0.000,1500,1500,1000,1500,475,693,761,602,4.75,239.42000000000002,7.61,6.0200000000000005
1554200179.415,-0.012,-2.723,-0.704,1.387,-2.806,-0.005,0.030,-0.016,-0.000,1500,1500,1000,1500,475,693,761,602,4.75,239.42000000000002,7.61,6.0200000000000005
1554200179.430,-0.011,-2.723,-0.705,1.374,-2.775,-0.006,0.031,-0.016,-0.000,1500,1500,1000,1500,475,693,761,602,4.75,239.42000000000002,7.61,6.0200000000000005
1554200179.446,-0.011,-2.723,-0.705,1.361,-2.744,-0.006,0.031,-0.015,-0.000,1500,1500,1000,1500,475,693,761,602,4.75,239.42000000000002,7.61,6.0200000000000005
1554200179.462,-0.010,-2.722,-0.705,1.347,-2.714,-0.007,0.031,-0.015,-0.000,1500,1500,1000,1500,475,693,761,602,4.75,239.42000000000002,7.61,6.0200000000000005
1554200179.478,-0.010,-2.722,-0.705,1.334,-2.684,-0.007,0.032,-0.015,-0.000,1500,1500,1000,1500,475,693,761,602,4.75,239.42000000000002,7.61,6.0200000000000005
1554200179.493,-0.010,-2.721,-0.705,1.321,-2.654,-0.008,0.032,-0.014,-0.000,1500,1500,1000,1500,475,693,761,602,4.75,239.42000000000002,7.61,6.0200000000000005
1554200179.508,-0.010,-2.721,-0.705,1.308,-2.625,-0.008,0.032,-0.015,-0.000,1500,1500,1000,1500,475,693,761,602,4.75,239.42000000000002,7.61,6.0200000000000005
1554200179.525,-0.009,-2.721,-0.706,1.294,-2.596,-0.009,0.032,-0.015,-0.000,1500,1500,1000,1500,475,693,761,602,4.75,239.42000000000002,7.61,6.0200000000000005
1554200179.540,-0.009,-2.720,-0.706,1.281,-2.568,-0.009,0.031,-0.015,-0.000,1500,1500,1000,1500,475,693,761,602,4.75,239.42000000000002,7.61,6.0200000000000005
1554200179.556,-0.009,-2.720,-0.706,1.268,-2.539,-0.010,0.031,-0.015,-0.000,1500,1500,1000,1500,473,690,752,"606
",4.75,239.42000000000002,7.61,6.0200000000000005
1554200179.571,-0.003,-2.727,-0.706,1.265,-2.517,-0.009,0.031,-0.016,-0.000,1500,1500,1000,1500,473,690,752,606,4.73,239.42000000000002,7.5200000000000005,6.0600000000000005
1554200179.591,-0.000,-2.730,-0.706,1.260,-2.490,-0.008,0.031,-0.016,-0.000,1500,1500,1000,1500,473,690,752,606,4.73,239.42000000000002,7.5200000000000005,6.0600000000000005
1554200179.610,0.002,-2.730,-0.705,1.253,-2.462,-0.008,0.031,-0.016,-0.000,1500,1500,1000,1500,473,690,752,606,4.73,239.42000000000002,7.5200000000000005,6.0600000000000005
1554200179.630,0.004,-2.730,-0.705,1.245,-2.433,-0.007,0.031,-0.015,-0.000,1500,1500,1000,1500,473,690,752,606,4.73,239.42000000000002,7.5200000000000005,6.0600000000000005
1554200179.643,0.005,-2.729,-0.705,1.236,-2.404,-0.006,0.031,-0.015,-0.000,1500,1500,1000,1500,473,690,752,606,4.73,239.42000000000002,7.5200000000000005,6.0600000000000005
1554200179.660,0.006,-2.728,-0.705,1.226,-2.376,-0.006,0.031,-0.015,-0.000,1500,1500,1000,1500,473,690,752,606,4.73,239.42000000000002,7.5200000000000005,6.0600000000000005
1554200179.677,0.007,-2.728,-0.705,1.217,-2.348,-0.005,0.031,-0.015,-0.000,1500,1500,1000,1500,473,690,752,606,4.73,239.42000000000002,7.5200000000000005,6.0600000000000005
1554200179.691,0.008,-2.727,-0.705,1.206,-2.321,-0.005,0.032,-0.014,-0.000,1500,1500,1000,1500,473,690,752,606,4.73,239.42000000000002,7.5200000000000005,6.0600000000000005
1554200179.707,0.009,-2.726,-0.705,1.196,-2.295,-0.004,0.032,-0.014,-0.000,1500,1500,1000,1500,473,690,752,606,4.73,239.42000000000002,7.5200000000000005,6.0600000000000005
1554200179.722,0.010,-2.726,-0.705,1.185,-2.269,-0.004,0.033,-0.014,-0.000,1500,1500,1000,1500,474,688,761,"601
",4.73,239.42000000000002,7.5200000000000005,6.0600000000000005
1554200179.740,0.005,-2.716,-0.705,1.164,-2.235,-0.003,0.033,-0.013,-0.000,1500,1500,1000,1500,474,688,761,601,4.74,239.42000000000002,7.61,6.01
1554200179.754,0.003,-2.712,-0.704,1.146,-2.208,-0.003,0.034,-0.013,-0.000,1500,1500,1000,1500,474,688,761,601,4.74,239.42000000000002,7.61,6.01
1554200179.770,0.002,-2.710,-0.704,1.130,-2.183,-0.002,0.034,-0.013,-0.000,1500,1500,1000,1500,474,688,761,601,4.74,239.42000000000002,7.61,6.01
1554200179.785,0.001,-2.709,-0.704,1.114,-2.160,-0.002,0.034,-0.013,-0.000,1500,1500,1000,1500,474,688,761,601,4.74,239.42000000000002,7.61,6.01
1554200179.805,0.001,-2.709,-0.704,1.099,-2.137,-0.001,0.034,-0.013,-0.000,1500,1500,1000,1500,474,688,761,601,4.74,239.42000000000002,7.61,6.01
1554200179.821,0.000,-2.709,-0.704,1.084,-2.115,-0.001,0.034,-0.013,-0.000,1500,1500,1000,1500,474,688,761,601,4.74,239.42000000000002,7.61,6.01
1554200179.836,0.000,-2.709,-0.704,1.070,-2.093,-0.001,0.034,-0.013,-0.000,1500,1500,1000,1500,474,688,761,601,4.74,239.42000000000002,7.61,6.01
1554200179.855,-0.000,-2.709,-0.704,1.055,-2.072,-0.000,0.034,-0.013,-0.000,1500,1500,1000,1500,474,688,761,601,4.74,239.42000000000002,7.61,6.01
1554200179.870,-0.001,-2.709,-0.704,1.041,-2.050,-0.000,0.034,-0.013,-0.000,1500,1500,1000,1500,474,688,761,601,4.74,239.42000000000002,7.61,6.01
1554200179.888,-0.001,-2.709,-0.704,1.028,-2.029,-0.000,0.034,-0.013,-0.000,1500,1500,1000,1500,474,688,761,601,4.74,239.42000000000002,7.61,6.01
1554200179.904,-0.001,-2.709,-0.703,1.014,-2.008,-0.000,0.033,-0.014,-0.000,1500,1500,1000,1500,474,688,761,601,4.74,239.42000000000002,7.61,6.01
1554200179.923,-0.002,-2.709,-0.703,1.001,-1.987,0.000,0.033,-0.014,-0.000,1500,1500,1000,1500,474,688,761,601,4.74,239.42000000000002,7.61,6.01
1554200179.936,-0.002,-2.709,-0.703,0.987,-1.966,0.000,0.033,-0.014,-0.000,1500,1500,1000,1500,474,688,761,601,4.74,239.42000000000002,7.61,6.01
1554200179.952,-0.002,-2.709,-0.703,0.975,-1.945,0.000,0.033,-0.014,-0.000,1500,1500,1000,1500,474,688,761,601,4.74,239.42000000000002,7.61,6.01
1554200179.967,-0.003,-2.709,-0.703,0.962,-1.925,0.001,0.033,-0.014,-0.000,1500,1500,1000,1500,474,688,761,601,4.74,239.42000000000002,7.61,6.01
1554200179.983,-0.003,-2.709,-0.703,0.950,-1.905,0.001,0.033,-0.014,-0.000,1500,1500,1000,1500,474,688,761,601,4.74,239.42000000000002,7.61,6.01
1554200179.999,-0.003,-2.709,-0.703,0.937,-1.885,0.001,0.033,-0.014,-0.000,1500,1500,1000,1500,474,688,761,601,4.74,239.42000000000002,7.61,6.01
1554200180.014,-0.003,-2.709,-0.703,0.925,-1.865,0.001,0.034,-0.014,-0.001,1500,1500,1000,1500,474,688,761,601,4.74,239.42000000000002,7.61,6.01
1554200180.029,-0.004,-2.709,-0.703,0.914,-1.845,0.001,0.034,-0.014,-0.001,1500,1500,1000,1500,474,688,761,601,4.74,239.42000000000002,7.61,6.01
1554200180.048,-0.004,-2.709,-0.703,0.902,-1.825,0.002,0.034,-0.015,-0.001,1500,1500,1000,1500,474,688,761,601,4.74,239.42000000000002,7.61,6.01
1554200180.065,-0.004,-2.709,-0.703,0.891,-1.806,0.002,0.034,-0.015,-0.001,1500,1500,1000,1500,474,688,761,601,4.74,239.42000000000002,7.61,6.01
1554200180.082,-0.005,-2.708,-0.703,0.880,-1.787,0.002,0.034,-0.015,-0.001,1500,1500,1000,1500,474,688,761,601,4.74,239.42000000000002,7.61,6.01
1554200180.097,-0.005,-2.708,-0.703,0.869,-1.768,0.002,0.034,-0.015,-0.001,1500,1500,1000,1500,474,688,761,601,4.74,239.42000000000002,7.61,6.01
1554200180.117,-0.005,-2.708,-0.703,0.858,-1.749,0.002,0.034,-0.014,-0.001,1500,1500,1000,1500,474,688,761,601,4.74,239.42000000000002,7.61,6.01
1554200180.135,-0.005,-2.708,-0.703,0.847,-1.730,0.002,0.034,-0.014,-0.000,1500,1500,1000,1500,474,688,761,601,4.74,239.42000